subject_id,overall_acc,amb_high,amb_low,amb_medium,rt_fast,rt_slow,mean_across_amb,std_across_amb,range_across_amb,mean_across_rt,std_across_rt,device,date,time
0806_1000_539136F,0.635593220338983,0.4210526315789473,0.7804878048780488,0.6923076923076923,0.7333333333333333,0.6407766990291263,0.6312827095882295,0.18732711319526557,0.3594351732991015,0.6870550161812298,0.06544742376030821,539136F,0806,1000
0806_1000_U9TEJGM,0.7251908396946565,0.6818181818181818,0.9545454545454546,0.5813953488372093,0.8615384615384616,0.5757575757575758,0.7392529950669485,0.1930914774846606,0.37315010570824525,0.7186480186480186,0.20207760226916255,U9TEJGM,0806,1000
0811_1000_4LI8GO7,0.5950413223140496,0.3333333333333333,0.6341463414634146,0.9210526315789472,0.7142857142857143,0.616822429906542,0.6295107687918984,0.29388706977863777,0.5877192982456139,0.6655540720961282,0.06891694930122563,4LI8GO7,0811,1000
0811_1000_539136F,0.7384615384615385,0.5348837209302325,0.8604651162790697,0.8181818181818182,0.8255813953488372,0.5909090909090909,0.7378435517970402,0.17703527624066237,0.32558139534883723,0.7082452431289641,0.16593837782601856,539136F,0811,1000
0811_1000_U9TEJGM,0.7633587786259542,0.5909090909090909,1.0,0.7906976744186046,0.8043478260869565,0.6410256410256411,0.7938689217758985,0.20456389119919835,0.40909090909090906,0.7226867335562988,0.11548622457506041,U9TEJGM,0811,1000
0813_1000_539136F,0.5736434108527132,0.7045454545454546,0.7142857142857143,0.3488372093023256,0.5555555555555556,0.6428571428571429,0.5892227927111648,0.20823697966033297,0.3654485049833887,0.5992063492063493,0.061731544389301785,539136F,0813,1000
0813_1000_9M4VCHG,0.6829268292682927,0.7317073170731707,0.7317073170731707,0.6585365853658537,1.0,0.6916666666666667,0.7073170731707318,0.04224514164802137,0.07317073170731703,0.8458333333333333,0.21802459086585216,9M4VCHG,0813,1000
0813_1000_U9TEJGM,0.6796875,0.6511627906976745,0.8837209302325582,0.4523809523809524,0.625,0.6666666666666666,0.662421557770395,0.21589028232010415,0.43133997785160577,0.6458333333333333,0.029462782549439452,U9TEJGM,0813,1000
0813_1600_539136F,0.7338709677419355,0.6097560975609756,0.926829268292683,0.6904761904761905,0.95,0.6730769230769231,0.7423538521099498,0.16477960350694112,0.3170731707317074,0.8115384615384615,0.19581418555935154,539136F,0813,1600
0813_1600_9M4VCHG,0.5615384615384615,0.5,0.6046511627906976,0.6046511627906976,0.5,0.5703125,0.5697674418604651,0.06042037700821663,0.10465116279069764,0.53515625,0.04971844555217912,9M4VCHG,0813,1600
0813_1600_U9TEJGM,0.7154471544715447,0.2926829268292683,0.9285714285714286,0.875,1.0,0.7131147540983607,0.6987514518002323,0.3526842918516031,0.6358885017421603,0.8565573770491803,0.20285850279941936,U9TEJGM,0813,1600
0816_1400_539136F,0.8294573643410853,0.4651162790697674,1.0,0.9285714285714286,0.9473684210526316,0.7222222222222222,0.7978959025470654,0.29040010081842393,0.5348837209302326,0.8347953216374269,0.15920240395135724,539136F,0816,1400
0816_1400_9M4VCHG,0.3951612903225806,0.525,0.3488372093023256,0.4390243902439024,0.4193548387096774,0.3440860215053763,0.437620533182076,0.08808978554625782,0.17616279069767443,0.3817204301075269,0.053223091057051954,9M4VCHG,0816,1400
0816_1400_U9TEJGM,0.632,0.4146341463414634,0.7857142857142857,0.7142857142857143,0.8620689655172413,0.5520833333333334,0.6382113821138211,0.1968898054008586,0.3710801393728223,0.7070761494252873,0.2191929425876402,U9TEJGM,0816,1400
0817_1000_539136F,0.5267175572519084,0.4418604651162791,0.7727272727272727,0.4318181818181818,0.6923076923076923,0.4673913043478261,0.5488019732205779,0.1939899911924119,0.3409090909090909,0.5798494983277592,0.15903990312640573,539136F,0817,1000
0817_1000_9M4VCHG,0.6717557251908397,0.6046511627906976,0.6590909090909091,0.6818181818181818,0.7272727272727273,0.6710526315789473,0.6485200845665962,0.03965468389408603,0.07716701902748413,0.6991626794258373,0.03975361090402842,9M4VCHG,0817,1000
0817_1000_U9TEJGM,0.773109243697479,0.6842105263157895,0.8536585365853658,0.825,0.8571428571428571,0.7523809523809524,0.7876230209670517,0.09069694574406406,0.16944801026957634,0.8047619047619048,0.0740778532671621,U9TEJGM,0817,1000
0818_1600_539136F,0.7196969696969697,0.1818181818181818,0.8636363636363636,0.9318181818181818,0.7256637168141593,0.5789473684210527,0.6590909090909091,0.41473380888396955,0.75,0.652305542617606,0.10374412485969374,539136F,0818,1600
0818_1600_9M4VCHG,0.8111111111111111,0.7692307692307693,0.896551724137931,0.8285714285714286,0.8181818181818182,0.8245614035087719,0.8314513073133764,0.06370931380727721,0.12732095490716178,0.8213716108452951,0.004511048045847165,9M4VCHG,0818,1600
0818_1600_U9TEJGM,0.6893939393939394,0.5909090909090909,0.9772727272727272,0.4772727272727273,0.5961538461538461,0.8571428571428571,0.6818181818181818,0.2621036953334271,0.4999999999999999,0.7266483516483516,0.1845470994855,U9TEJGM,0818,1600
0819_1400_539136F,0.5348837209302325,0.5116279069767442,0.7906976744186046,0.3953488372093023,0.5373134328358209,0.5483870967741935,0.5658914728682171,0.2031836034431187,0.3953488372093023,0.5428502648050072,0.007830262863404205,539136F,0819,1400
0819_1400_9M4VCHG,0.5436893203883495,0.7058823529411765,0.5757575757575758,0.3611111111111111,0.365079365079365,0.675,0.5475836799366212,0.1741037868702426,0.3447712418300654,0.5200396825396825,0.21914698258202137,9M4VCHG,0819,1400
0819_1400_U9TEJGM,0.751937984496124,0.3809523809523809,0.9772727272727272,0.9069767441860463,0.8541666666666666,0.7407407407407407,0.7550672841370515,0.3258939273723696,0.5963203463203464,0.7974537037037037,0.08020424138458526,U9TEJGM,0819,1400
0823_1400_539136F,0.5038167938931297,0.5454545454545454,0.6744186046511628,0.3636363636363636,0.4444444444444444,0.4411764705882353,0.5278365045806906,0.15613839007662333,0.3107822410147992,0.44281045751633985,0.0023108064744658333,539136F,0823,1400
0823_1400_9M4VCHG,0.9848484848484848,0.9772727272727272,1.0,1.0,0.9416666666666668,0.9166666666666666,0.9924242424242423,0.013121597027037002,0.022727272727272818,0.9291666666666667,0.01767766952966378,9M4VCHG,0823,1400
0823_1400_U9TEJGM,0.5772357723577236,0.5641025641025641,0.575,0.5454545454545454,0.5925925925925926,0.3333333333333333,0.5615190365190365,0.014941199153867005,0.02954545454545454,0.4629629629629629,0.18332398030762342,U9TEJGM,0823,1400
0824_1000_539136F,0.7862595419847328,0.6590909090909091,0.9302325581395348,0.7954545454545454,0.9803921568627452,0.6875,0.7949260042283298,0.13557159724320167,0.2711416490486257,0.8339460784313726,0.2071060302740011,539136F,0824,1000
0824_1000_9M4VCHG,0.6822429906542056,0.9411764705882352,0.6857142857142857,0.4473684210526316,0.4,0.7216494845360825,0.6914197257850508,0.24695346015259656,0.4938080495356036,0.5608247422680412,0.22744053168062145,9M4VCHG,0824,1000
0824_1000_U9TEJGM,0.7719298245614035,0.7368421052631579,0.8648648648648649,0.6923076923076923,0.9375,0.7448979591836735,0.7646715541452384,0.08958154452252824,0.17255717255717262,0.8411989795918368,0.13619020913159266,U9TEJGM,0824,1000
0824_1600_539136F,0.6412213740458015,0.6976744186046512,0.7727272727272727,0.5454545454545454,0.3684210526315789,0.6964285714285714,0.6719520789288231,0.1157991891564655,0.2272727272727273,0.5324248120300752,0.23193634082152734,539136F,0824,1600
0824_1600_9M4VCHG,0.6015625,0.7317073170731707,0.5813953488372093,0.4545454545454545,0.25,0.6048387096774194,0.5892160401519448,0.13874634020196155,0.27716186252771624,0.4274193548387097,0.25090885784038786,9M4VCHG,0824,1600
0824_1600_U9TEJGM,0.6446280991735537,0.6190476190476191,0.717948717948718,0.725,0.6949152542372882,0.6774193548387096,0.6873321123321124,0.05924111040469859,0.10595238095238091,0.6861673045379989,0.012371469107692525,U9TEJGM,0824,1600
0825_1000_539136F,0.7837837837837838,0.75,1.0,1.0,0.92,0.6666666666666666,0.9166666666666666,0.14433756729740646,0.25,0.7933333333333333,0.1791337179005921,539136F,0825,1000
0825_1000_9M4VCHG,0.5555555555555556,1.0,0.25,0.5,0.5,0.5714285714285714,0.5833333333333334,0.38188130791298663,0.75,0.5357142857142857,0.05050762722761051,9M4VCHG,0825,1000
0825_1300_539136F,0.5645161290322581,0.5476190476190477,0.4878048780487805,0.7317073170731707,0.6595744680851063,0.3666666666666666,0.589043747580333,0.12711846547875522,0.24390243902439024,0.5131205673758865,0.20711709264542139,539136F,0825,1300
0825_1300_9M4VCHG,0.6386554621848739,0.4473684210526316,0.7380952380952381,0.6666666666666666,0.5384615384615384,0.6666666666666666,0.6173767752715121,0.15150128904481605,0.29072681704260656,0.6025641025641025,0.09065471553673685,9M4VCHG,0825,1300
0825_1300_U9TEJGM,0.5955056179775281,0.6363636363636364,0.7407407407407407,0.4827586206896552,0.0,0.6022727272727273,0.6199543325980108,0.12977150112435165,0.2579821200510855,0.30113636363636365,0.42587112957826156,U9TEJGM,0825,1300
0826_1000_539136F,0.803030303030303,0.5,1.0,1.0,0.8947368421052632,0.5,0.8333333333333334,0.28867513459481287,0.5,0.6973684210526316,0.27912109783679506,539136F,0826,1000
0826_1000_9M4VCHG,0.5748031496062992,0.6744186046511628,0.5,0.4523809523809524,0.3709677419354839,0.7076923076923077,0.5422665190107051,0.11689749239559603,0.22203765227021038,0.5393300248138958,0.23810022383874568,9M4VCHG,0826,1000
0826_1300_539136F,0.6136363636363636,0.7045454545454546,0.5227272727272727,0.6590909090909091,0.6495726495726496,0.4,0.6287878787878788,0.09462118179391514,0.18181818181818188,0.5247863247863248,0.17647451291151442,539136F,0826,1300
0826_1300_9M4VCHG,0.7024793388429752,0.725,0.75,0.5853658536585366,0.5675675675675675,0.7261904761904762,0.686788617886179,0.08871968681009834,0.16463414634146345,0.6468790218790219,0.11216333433879276,9M4VCHG,0826,1300
0826_1300_U9TEJGM,0.5128205128205128,0.5357142857142857,0.6666666666666666,0.217391304347826,0.75,0.4848484848484848,0.4732574189095928,0.23105785629356068,0.44927536231884063,0.6174242424242424,0.187490434405524,U9TEJGM,0826,1300
0827_1000_539136F,0.7109375,0.4186046511627907,0.8292682926829268,0.8181818181818182,0.75,0.6666666666666666,0.6886849206758452,0.23396205133396966,0.41066364152013607,0.7083333333333333,0.05892556509887899,539136F,0827,1000
0827_1000_9M4VCHG,0.7251908396946565,0.5909090909090909,0.9318181818181818,0.6744186046511628,0.693069306930693,0.7,0.7323819591261452,0.1776923321716782,0.34090909090909083,0.6965346534653465,0.0049007400676295415,9M4VCHG,0827,1000
0827_1000_U9TEJGM,0.6967213114754098,0.275,0.902439024390244,0.8536585365853658,1.0,0.7166666666666667,0.6770325203252033,0.34902363035602146,0.627439024390244,0.8583333333333334,0.20034692133618848,U9TEJGM,0827,1000
0828_1300_9M4VCHG,0.3716814159292035,0.7631578947368421,0.2702702702702703,0.2894736842105263,0.2537313432835821,0.5434782608695652,0.44096728307254623,0.2791904107597538,0.49288762446657186,0.39860480207657367,0.20488201025294836,9M4VCHG,0828,1300
0828_1300_U9TEJGM,0.7837837837837838,0.4761904761904761,0.8928571428571429,0.88,1.0,0.8,0.7496825396825396,0.23693830025023907,0.4166666666666668,0.9,0.14142135623730948,U9TEJGM,0828,1300
0830_1300_539136F,0.7380952380952381,0.6190476190476191,0.951219512195122,0.6744186046511628,0.9117647058823528,0.7282608695652174,0.7482285786313012,0.17796200674163734,0.33217189314750295,0.820012787723785,0.12975680703359269,539136F,0830,1300
0830_1300_9M4VCHG,0.8854961832061069,0.8604651162790697,1.0,0.9545454545454546,0.8571428571428571,0.8723404255319149,0.9383368569415081,0.07116554588400469,0.13953488372093026,0.8647416413373861,0.010746303665449111,9M4VCHG,0830,1300
0830_1300_U9TEJGM,0.6976744186046512,0.6976744186046512,0.9767441860465116,0.4418604651162791,0.8043478260869565,0.5903614457831325,0.7054263565891472,0.26752610739127747,0.5348837209302325,0.6973546359350445,0.15131122059439742,U9TEJGM,0830,1300
0831_1000_539136F,0.6183206106870229,0.4651162790697674,0.8636363636363636,0.5909090909090909,0.7272727272727273,0.5862068965517241,0.6398872445384073,0.2037245913002268,0.39852008456659627,0.6567398119122256,0.09974860549653497,539136F,0831,1000
0831_1000_9M4VCHG,0.6708860759493671,0.5517241379310345,0.72,0.56,0.6,0.7222222222222222,0.6105747126436781,0.09485537732783701,0.1682758620689655,0.6611111111111111,0.08642416214502248,9M4VCHG,0831,1000
0831_1000_U9TEJGM,0.8409090909090909,0.7045454545454546,1.0,1.0,0.9098360655737704,0.6,0.9015151515151515,0.17058076135148031,0.2954545454545454,0.7549180327868852,0.21908718302337288,U9TEJGM,0831,1000
0831_1300_539136F,0.8538461538461538,0.6511627906976745,0.9090909090909092,0.9534883720930232,0.8840579710144928,0.8032786885245902,0.8379140239605357,0.16324766774491972,0.3023255813953487,0.8436683297695415,0.05711957842799389,539136F,0831,1300
0831_1300_9M4VCHG,0.8403361344537815,0.7368421052631579,0.9487179487179488,1.0,0.8113207547169812,0.9230769230769232,0.895186684660369,0.1395070484394372,0.26315789473684215,0.8671988388969523,0.07902354448674052,9M4VCHG,0831,1300
0831_1300_U9TEJGM,0.5891472868217055,0.5454545454545454,0.9767441860465116,0.3333333333333333,0.6290322580645161,0.5522388059701493,0.61851068827813,0.3278677802872216,0.6434108527131783,0.5906355320173327,0.05430117072665107,U9TEJGM,0831,1300
0901_1000_539136F,0.576,0.4285714285714285,0.7073170731707317,0.6666666666666666,0.6428571428571429,0.5217391304347826,0.6008517228029423,0.1505771852659265,0.2787456445993032,0.5822981366459627,0.08564336790768748,539136F,0901,1000
0901_1000_9M4VCHG,0.6209677419354839,0.4634146341463415,0.7073170731707317,0.5476190476190477,0.6153846153846154,0.696969696969697,0.572783584978707,0.1238831723677831,0.24390243902439018,0.6561771561771562,0.05768936443246892,9M4VCHG,0901,1000
0901_1000_U9TEJGM,0.7727272727272727,0.6363636363636364,0.9772727272727272,0.9318181818181818,0.88,0.65625,0.8484848484848485,0.185102904891979,0.34090909090909083,0.768125,0.15821514229049002,U9TEJGM,0901,1000
0901_1300_539136F,0.8706896551724138,0.5135135135135135,0.95,0.9743589743589745,0.9032258064516128,0.8703703703703703,0.8126241626241626,0.2593235917083147,0.46084546084546096,0.8867980884109916,0.02323230165188768,539136F,0901,1300
0901_1300_9M4VCHG,0.3306451612903225,0.7619047619047619,0.048780487804878,0.073170731707317,0.3018867924528302,0.2777777777777778,0.29461866047231894,0.4048653435938344,0.7131242740998839,0.289832285115304,0.017047647764455533,9M4VCHG,0901,1300
0901_1300_U9TEJGM,0.546875,0.6744186046511628,0.627906976744186,0.3095238095238095,0.6481481481481481,0.4459459459459459,0.5372831303063861,0.1986115908882076,0.3648947951273533,0.547047047047047,0.14297854834803067,U9TEJGM,0901,1300
0915_1000_539136F,0.4369747899159664,0.4634146341463415,0.5897435897435898,0.3846153846153846,0.3111111111111111,0.4864864864864865,0.47925786950177196,0.10347778126088433,0.20512820512820518,0.3987987987987988,0.12400911718106421,539136F,0915,1000
0915_1000_9M4VCHG,0.8091603053435115,0.5681818181818182,1.0,1.0,0.8526315789473684,0.6944444444444444,0.8560606060606061,0.24931034351370202,0.43181818181818177,0.7735380116959064,0.11185519550348604,9M4VCHG,0915,1000
0915_1000_U9TEJGM,0.6463414634146342,0.8888888888888888,0.76,0.3666666666666666,0.4583333333333333,0.6896551724137931,0.6718518518518518,0.2720415122038178,0.5222222222222223,0.5739942528735632,0.16356924105033646,U9TEJGM,0915,1000
0917_1030_539136F,0.6030534351145038,0.6363636363636364,0.6511627906976745,0.5681818181818182,0.6126126126126126,0.5,0.6185694150810429,0.04425987102567906,0.08298097251585623,0.5563063063063063,0.07962914202551208,539136F,0917,1030
0917_1030_9M4VCHG,0.9689922480620154,0.8837209302325582,1.0,1.0,0.9516129032258064,0.8,0.9612403100775193,0.06713375223135182,0.11627906976744184,0.8758064516129032,0.10720651198634744,9M4VCHG,0917,1030
0917_1030_U9TEJGM,0.7674418604651163,0.6666666666666666,0.8636363636363636,0.6511627906976745,0.8235294117647058,0.782051282051282,0.7271552736669015,0.11845002525096722,0.21247357293868918,0.802790346907994,0.029329466791297193,U9TEJGM,0917,1030
0920_1600_539136F,0.7734375,0.7209302325581395,1.0,0.6818181818181818,0.9285714285714286,0.6388888888888888,0.8009161381254404,0.1735172215442542,0.31818181818181823,0.7837301587301587,0.204836488200865,539136F,0920,1600
0920_1600_9M4VCHG,0.78125,0.6046511627906976,0.9772727272727272,0.6829268292682927,0.8253968253968254,0.6615384615384615,0.7549502397772393,0.19647451825940176,0.37262156448202954,0.7434676434676435,0.11586536023838176,9M4VCHG,0920,1600
0920_1600_U9TEJGM,0.6504065040650406,0.7073170731707317,0.8095238095238095,0.475,0.6,0.6470588235294118,0.6639469608981804,0.17142715585192675,0.33452380952380956,0.6235294117647059,0.033275613232308154,U9TEJGM,0920,1600
0922_1000_539136F,0.8292682926829268,0.575,0.9534883720930232,0.925,0.8478260869565217,0.7096774193548387,0.8178294573643411,0.21077833346675579,0.3784883720930232,0.7787517531556802,0.09768585967303633,539136F,0922,1000
0922_1000_9M4VCHG,0.7054263565891473,0.3255813953488372,0.8809523809523809,0.9545454545454546,0.8085106382978723,0.6585365853658537,0.7203597436155577,0.3438625354925553,0.6289640591966175,0.733523611831863,0.10604766983026057,9M4VCHG,0922,1000
0922_1000_U9TEJGM,0.7363636363636363,0.5405405405405406,0.8292682926829268,0.71875,0.9285714285714286,0.6979166666666666,0.6961862777411557,0.1456803689106034,0.2887277521423862,0.8132440476190477,0.16309754625582573,U9TEJGM,0922,1000
0923_1000_539136F,0.9465648854961832,0.7674418604651163,1.0,1.0,0.9,0.6363636363636364,0.9224806201550387,0.13426750446270364,0.2325581395348837,0.7681818181818182,0.18641906049463527,539136F,0923,1000
0923_1000_9M4VCHG,0.7633587786259542,0.3181818181818182,1.0,0.9545454545454546,0.8316831683168316,0.5666666666666667,0.7575757575757577,0.38120441289118556,0.6818181818181819,0.6991749174917492,0.18739496544316753,9M4VCHG,0923,1000
0923_1000_U9TEJGM,0.640625,0.3809523809523809,0.6363636363636364,0.9047619047619048,0.6363636363636364,0.6581196581196581,0.6406926406926406,0.26193159320183285,0.523809523809524,0.6472416472416472,0.015383830515325046,U9TEJGM,0923,1000
0923_1600_539136F,0.7107438016528925,0.6097560975609756,0.8048780487804879,0.8205128205128205,0.8888888888888888,0.425,0.745048988951428,0.11742757924513345,0.2107567229518449,0.6569444444444444,0.32801897905042615,539136F,0923,1600
0923_1600_9M4VCHG,0.7846153846153846,0.7674418604651163,0.7674418604651163,0.8636363636363636,0.8484848484848485,0.5161290322580645,0.7995066948555322,0.05553792230048196,0.09619450317124734,0.6823069403714566,0.23501105142074896,9M4VCHG,0923,1600
0923_1600_U9TEJGM,0.6640625,0.6046511627906976,0.8604651162790697,0.5952380952380952,0.6470588235294118,0.627906976744186,0.6867847914359541,0.15048519159171464,0.2652270210409745,0.637482900136799,0.013542400734078905,U9TEJGM,0923,1600
0924_1000_539136F,0.7109375,0.6428571428571429,0.8333333333333334,0.6136363636363636,0.6583333333333333,0.875,0.6966089466089467,0.11930478585722001,0.21969696969696972,0.7666666666666666,0.1532064692570853,539136F,0924,1000
0924_1000_9M4VCHG,0.9153846153846154,0.7209302325581395,1.0,1.0,0.8849557522123894,0.7647058823529411,0.9069767441860465,0.16112100535524443,0.2790697674418605,0.8248308172826653,0.08502949841441572,9M4VCHG,0924,1000
0924_1000_U9TEJGM,0.8166666666666667,0.6923076923076923,0.9487179487179488,0.8095238095238095,0.8307692307692308,0.7818181818181819,0.816849816849817,0.12836201808011163,0.2564102564102565,0.8062937062937063,0.03461361865948135,U9TEJGM,0924,1000
0924_1600_539136F,0.864406779661017,0.5882352941176471,0.9047619047619048,1.0,0.903846153846154,0.2857142857142857,0.830999066293184,0.21556497977829586,0.4117647058823529,0.5947802197802199,0.4370852356235528,539136F,0924,1600
0924_1600_9M4VCHG,0.6076923076923076,0.5454545454545454,1.0,0.3255813953488372,0.6388888888888888,0.2272727272727272,0.6236786469344608,0.3439467562198551,0.6744186046511629,0.433080808080808,0.2910565791247658,9M4VCHG,0924,1600
0924_1600_U9TEJGM,0.6422764227642277,0.5116279069767442,0.6976744186046512,0.7837837837837838,0.6728971962616822,0.625,0.6643620364550596,0.1391024493799891,0.27215587680703957,0.6489485981308412,0.033868432276458436,U9TEJGM,0924,1600
0927_0930_539136F,0.7633587786259542,0.6818181818181818,1.0,0.6363636363636364,0.8666666666666667,0.625,0.7727272727272726,0.19813177016093972,0.36363636363636365,0.7458333333333333,0.170884138786749,539136F,0927,0930
0927_0930_U9TEJGM,0.5353535353535354,0.6388888888888888,0.4838709677419355,0.375,0.5909090909090909,0.5194805194805194,0.4992532855436081,0.13261522610721146,0.26388888888888884,0.5551948051948052,0.05050762722761059,U9TEJGM,0927,0930
0928_1600_539136F,0.3727272727272727,0.6176470588235294,0.5897435897435898,0.054054054054054,0.3103448275862069,0.4615384615384615,0.42048156754039107,0.31764208297470375,0.5635930047694755,0.3859416445623342,0.10691004383987586,539136F,0928,1600
0928_1600_9M4VCHG,0.6666666666666666,0.6410256410256411,0.9743589743589745,0.5641025641025641,0.8333333333333334,0.6507936507936508,0.7264957264957266,0.21807437302859958,0.41025641025641035,0.7420634920634921,0.12907504735944916,9M4VCHG,0928,1600
0928_1600_U9TEJGM,0.7956989247311828,0.5483870967741935,1.0,0.9,0.9743589743589745,0.6851851851851852,0.8161290322580644,0.23720098653354502,0.4516129032258065,0.8297720797720798,0.20447674726619539,U9TEJGM,0928,1600
0930_1700_539136F,0.9052631578947368,0.9375,1.0,1.0,0.8735632183908046,0.875,0.9791666666666666,0.03608439182435161,0.0625,0.8742816091954023,0.0010159580189461582,539136F,0930,1700
0930_1700_9M4VCHG,0.625,0.5128205128205128,0.6111111111111112,0.7297297297297297,0.75,0.5555555555555556,0.6178871178871179,0.10861324871264001,0.21690921690921694,0.6527777777777778,0.13749298523071754,9M4VCHG,0930,1700
0930_1700_U9TEJGM,0.7073170731707317,0.7804878048780488,0.6829268292682927,0.6097560975609756,0.75,0.6936936936936937,0.6910569105691057,0.08565572156790846,0.1707317073170732,0.7218468468468469,0.03981457101275604,U9TEJGM,0930,1700
1005_1600_539136F,0.7768595041322314,0.4523809523809524,1.0,0.875,0.8105263157894737,0.7692307692307693,0.7757936507936508,0.2869722636788044,0.5476190476190477,0.7898785425101215,0.029200361004464662,539136F,1005,1600
1005_1600_9M4VCHG,0.8373983739837398,0.5476190476190477,1.0,0.975609756097561,0.8588235294117647,0.7631578947368421,0.8410762679055361,0.25443383443070144,0.45238095238095233,0.8109907120743034,0.06764581900515262,9M4VCHG,1005,1600
1005_1600_U9TEJGM,0.9019607843137256,0.6842105263157895,1.0,1.0,0.902439024390244,0.6,0.8947368421052632,0.18232113763882918,0.3157894736842105,0.751219512195122,0.2138566850417852,U9TEJGM,1005,1600
