feature,bin_idx,time_start,time_end,time_label,invest_mean,keep_mean,difference,t_statistic,p_value,cohens_d,abs_cohens_d,significant,significant_bonferroni
pupil_mean,0,-2.0,-1.5,-2.0s to -1.5s,0.9602922604562167,0.8067882885095564,0.15350397194666032,6.9603957616556755,3.6051896202498367e-12,0.14355223964063835,0.14355223964063835,True,True
pupil_mean,1,-1.5,-1.0,-1.5s to -1.0s,0.3529701494520767,0.2939674931299222,0.05900265632215451,5.288707892121316,1.257729672373609e-07,0.10907509985302061,0.10907509985302061,True,True
pupil_mean,2,-1.0,-0.5,-1.0s to -0.5s,0.23196315621990604,0.2627408818770101,-0.03077772565710407,-3.9410318292149404,8.168161973398069e-05,-0.08128042785950325,0.08128042785950325,True,True
pupil_mean,3,-0.5,0.0,-0.5s to 0.0s,0.36826829805541605,0.41401669999039714,-0.04574840193498109,-5.218837356305478,1.8364326433596093e-07,-0.10763407950809858,0.10763407950809858,True,True
pupil_median,0,-2.0,-1.5,-2.0s to -1.5s,0.9637254360296605,0.8031249679782877,0.16060046805137285,6.90268731489691,5.41108505520592e-12,0.1423620520331979,0.1423620520331979,True,True
pupil_median,1,-1.5,-1.0,-1.5s to -1.0s,0.32577911196248405,0.2661671754919523,0.05961193647053176,4.884718559293003,1.0517497938016412e-06,0.10074316363785395,0.10074316363785395,True,True
pupil_median,2,-1.0,-0.5,-1.0s to -0.5s,0.2287475361724291,0.2599615985737891,-0.031214062401359988,-3.8493421788688633,0.00011916959088173368,-0.07938940684435405,0.07938940684435405,True,True
pupil_median,3,-0.5,0.0,-0.5s to 0.0s,0.36739600537063155,0.41454653733106456,-0.047150531960433006,-5.228747024995271,1.740941285104355e-07,-0.10783845799220047,0.10783845799220047,True,True
pupil_std,0,-2.0,-1.5,-2.0s to -1.5s,0.30080238729168124,0.2987206036359037,0.002081783655777547,0.3162991069333061,0.7517820604579153,0.006523399926013578,0.006523399926013578,False,False
pupil_std,1,-1.5,-1.0,-1.5s to -1.0s,0.3126149065645314,0.2828841415304303,0.029730765034101103,4.823330039722042,1.4325548201416619e-06,0.09947707766021718,0.09947707766021718,True,True
pupil_std,2,-1.0,-0.5,-1.0s to -0.5s,0.15165313487158932,0.15663536168182046,-0.0049822268102311384,-2.2853907774833897,0.02231066128023245,-0.04713424003404101,0.04713424003404101,True,False
pupil_std,3,-0.5,0.0,-0.5s to 0.0s,0.14154991469238323,0.1452955095932049,-0.0037455949008216582,-1.8566078395881553,0.0633962211806206,-0.03829095681246856,0.03829095681246856,False,False
pupil_range,0,-2.0,-1.5,-2.0s to -1.5s,0.9328318876702119,0.92532476134281,0.007507126327401803,0.3872979930713652,0.6985438156222149,0.007987691536162574,0.007987691536162574,False,False
pupil_range,1,-1.5,-1.0,-1.5s to -1.0s,0.9546829167201871,0.8690551854806748,0.08562773123951228,4.857901321525941,1.204285421299414e-06,0.1001900809290165,0.1001900809290165,True,True
pupil_range,2,-1.0,-0.5,-1.0s to -0.5s,0.4739123283481514,0.4879545560852943,-0.01404222773714292,-2.193436896450095,0.02829875079956956,-0.045237769485814844,0.045237769485814844,True,False
pupil_range,3,-0.5,0.0,-0.5s to 0.0s,0.43674694329098857,0.4480859324700512,-0.01133898917906262,-1.9505963135792856,0.05113285380746902,-0.040229389109114756,0.040229389109114756,False,False
pupil_cv,0,-2.0,-1.5,-2.0s to -1.5s,1.7217979066709144,2.833991577094469,-1.1121936704235544,-2.499610373913368,0.012448821087377654,-0.051552336920405714,0.051552336920405714,True,False
pupil_cv,1,-1.5,-1.0,-1.5s to -1.0s,4.461884106143094,3.3866169069304557,1.0752671992126381,1.162929540072867,0.2448857139895435,0.023984432169990154,0.023984432169990154,False,False
pupil_cv,2,-1.0,-0.5,-1.0s to -0.5s,3.1282491620676884,2.934455017879335,0.19379414418835328,0.27529712488138225,0.7830936349505048,0.005677768936798269,0.005677768936798269,False,False
pupil_cv,3,-0.5,0.0,-0.5s to 0.0s,1.624215666589247,1.3943899014105945,0.2298257651786526,0.513898316151631,0.6073343877100073,0.010598715469243866,0.010598715469243866,False,False
pupil_slope,0,-2.0,-1.5,-2.0s to -1.5s,-1.0468987366022275,-0.9997374896693514,-0.047161246932876155,-0.7620549868772905,0.4460450770343203,-0.015716735634229293,0.015716735634229293,False,False
pupil_slope,1,-1.5,-1.0,-1.5s to -1.0s,-1.0974777248279994,-0.7980441471419029,-0.2994335776860966,-5.724383261539486,1.067869511417433e-08,-0.11806053360964423,0.11806053360964423,True,True
pupil_slope,2,-1.0,-0.5,-1.0s to -0.5s,0.35474490497620037,0.42814508346991376,-0.07340017849371339,-3.4051957722961896,0.0006637537732392739,-0.07022926515484146,0.07022926515484146,True,True
pupil_slope,3,-0.5,0.0,-0.5s to 0.0s,0.1290489243349095,0.09176058468748048,0.03728833964742902,1.7799484642221786,0.07511461404332428,0.03670992242878279,0.03670992242878279,False,False
pupil_velocity_mean,0,-2.0,-1.5,-2.0s to -1.5s,0.041604315190074535,0.0409959484939237,0.0006083666961508374,0.7279447438794472,0.46666437760347745,0.015013240898484262,0.015013240898484262,False,False
pupil_velocity_mean,1,-1.5,-1.0,-1.5s to -1.0s,0.03808294943950151,0.03525225505366442,0.002830694385837086,4.538164765427888,5.740495962537753e-06,0.09359578653907479,0.09359578653907479,True,True
pupil_velocity_mean,2,-1.0,-0.5,-1.0s to -0.5s,0.02137596863933673,0.0218978915078174,-0.0005219228684806669,-1.911663996329194,0.05594772513708657,-0.03942644319525753,0.03942644319525753,False,False
pupil_velocity_mean,3,-0.5,0.0,-0.5s to 0.0s,0.019978325176450026,0.020647645000819087,-0.0006693198243690607,-2.667319528820604,0.007658153400711954,-0.055011195528388915,0.055011195528388915,True,False
pupil_velocity_std,0,-2.0,-1.5,-2.0s to -1.5s,0.037128420369565804,0.0372979094370527,-0.0001694890674868929,-0.24795510102459373,0.8041742140583686,-0.0051138629614265315,0.0051138629614265315,False,False
pupil_velocity_std,1,-1.5,-1.0,-1.5s to -1.0s,0.03422916542564101,0.0320665760259101,0.0021625893997309076,3.9527361293379797,7.779208409879056e-05,0.08152181908977561,0.08152181908977561,True,True
pupil_velocity_std,2,-1.0,-0.5,-1.0s to -0.5s,0.02086675214997191,0.02116613144477762,-0.00029937929480571,-0.9873506478500506,0.3234945485496705,-0.020363266926620136,0.020363266926620136,False,False
pupil_velocity_std,3,-0.5,0.0,-0.5s to 0.0s,0.019692576846886377,0.020481040989965366,-0.0007884641430789888,-2.830701053932484,0.004653834176611131,-0.058380800454436194,0.058380800454436194,True,False
pupil_max_dilation_rate,0,-2.0,-1.5,-2.0s to -1.5s,0.03421062211460242,0.03566467935105886,-0.0014540572364564394,-1.3132148615555137,0.1891405509482236,-0.027083939040389072,0.027083939040389072,False,False
pupil_max_dilation_rate,1,-1.5,-1.0,-1.5s to -1.0s,0.0340489529537432,0.0362323420749244,-0.002183389121181198,-2.9315234374738246,0.003380644103510546,-0.060460176320245314,0.060460176320245314,True,False
pupil_max_dilation_rate,2,-1.0,-0.5,-1.0s to -0.5s,0.039053920477368595,0.04097700830104625,-0.0019230878236776577,-3.147353222222065,0.0016523755554264297,-0.06491148197048566,0.06491148197048566,True,False
pupil_max_dilation_rate,3,-0.5,0.0,-0.5s to 0.0s,0.03510674028352276,0.035614074000063244,-0.0005073337165404854,-0.9104273202428244,0.3626190384249834,-0.018776788752568548,0.018776788752568548,False,False
pupil_max_constriction_rate,0,-2.0,-1.5,-2.0s to -1.5s,0.08377792564892816,0.08331488598861773,0.00046303966031042976,0.2648242656183653,0.7911502759186497,0.005461775126370215,0.005461775126370215,False,False
pupil_max_constriction_rate,1,-1.5,-1.0,-1.5s to -1.0s,0.07499125974609382,0.06646086849548845,0.008530391250605368,5.517841025171391,3.5170715574514724e-08,0.11380077574151212,0.11380077574151212,True,True
pupil_max_constriction_rate,2,-1.0,-0.5,-1.0s to -0.5s,0.029640150898405215,0.028679876031842706,0.0009602748665625098,1.6324217111566113,0.1026220193723025,0.033667308684584424,0.033667308684584424,False,False
pupil_max_constriction_rate,3,-0.5,0.0,-0.5s to 0.0s,0.028151618241951094,0.02983097198929017,-0.001679353747339074,-3.287298398062052,0.001015008992087946,-0.06779773213594383,0.06779773213594383,True,False
pupil_acceleration_mean,0,-2.0,-1.5,-2.0s to -1.5s,0.007197622631082827,0.007258575927407692,-6.0953296324864695e-05,-0.49578010180970306,0.6200604105298813,-0.010225042716122398,0.010225042716122398,False,False
pupil_acceleration_mean,1,-1.5,-1.0,-1.5s to -1.0s,0.006466481386231118,0.006181341113070008,0.00028514027316110975,2.7755357076707323,0.005521277829131769,0.05724306213069725,0.05724306213069725,True,False
pupil_acceleration_mean,2,-1.0,-0.5,-1.0s to -0.5s,0.004256532150800431,0.004353759745994634,-9.722759519420303e-05,-1.535017479045603,0.12481102594676877,-0.03165842928335254,0.03165842928335254,False,False
pupil_acceleration_mean,3,-0.5,0.0,-0.5s to 0.0s,0.0038899011747033085,0.0040456717141923,-0.0001557705394889912,-2.834364805550174,0.0046008490553700295,-0.05845636221388439,0.05845636221388439,True,False
pupil_acceleration_std,0,-2.0,-1.5,-2.0s to -1.5s,0.007848672458474487,0.008047703116824496,-0.00019903065835000927,-1.4305730930109408,0.1525837059176902,-0.02950435269825895,0.02950435269825895,False,False
pupil_acceleration_std,1,-1.5,-1.0,-1.5s to -1.0s,0.00740617617146928,0.007088218222341666,0.00031795794912761396,2.583138007935945,0.009804616294695558,0.05327502329434438,0.05327502329434438,True,False
pupil_acceleration_std,2,-1.0,-0.5,-1.0s to -0.5s,0.004862387133104226,0.00499482334435195,-0.0001324362112477247,-1.7554218819007195,0.07921764730581145,-0.03620408253927937,0.03620408253927937,False,False
pupil_acceleration_std,3,-0.5,0.0,-0.5s to 0.0s,0.0044374066442986766,0.004616503615897622,-0.0001790969715989455,-2.7428566373015277,0.006101521917800935,-0.05656908411256263,0.05656908411256263,True,False
pct_time_dilating,0,-2.0,-1.5,-2.0s to -1.5s,0.4798402871048951,0.48062403784420776,-0.0007837507393126386,-0.12348511675868878,0.901725429537178,-0.002546775453581229,0.002546775453581229,False,False
pct_time_dilating,1,-1.5,-1.0,-1.5s to -1.0s,0.44547715024317575,0.48076428203808547,-0.03528713179490972,-5.822671175517998,5.969041784016396e-09,-0.12008763819742496,0.12008763819742496,True,True
pct_time_dilating,2,-1.0,-0.5,-1.0s to -0.5s,0.5908458572492661,0.6129053010808028,-0.022059443831536685,-4.285104483901794,1.843555489737731e-05,-0.08837663357405429,0.08837663357405429,True,True
pct_time_dilating,3,-0.5,0.0,-0.5s to 0.0s,0.5433993981635067,0.5436985331960885,-0.00029913503258183205,-0.05775248618017251,0.9539469341159714,-0.0011910958830316151,0.0011910958830316151,False,False
num_dilation_peaks,0,-2.0,-1.5,-2.0s to -1.5s,0.613722998729352,0.6428571428571429,-0.029134144127790917,-2.230335171279274,0.025747200036667483,-0.045998765005607595,0.045998765005607595,True,False
num_dilation_peaks,1,-1.5,-1.0,-1.5s to -1.0s,0.7849428208386277,0.8174307036247335,-0.032487882786105815,-2.4849971236442037,0.012971399879244476,-0.051250951068738476,0.051250951068738476,True,False
num_dilation_peaks,2,-1.0,-0.5,-1.0s to -0.5s,0.8681702668360864,0.8432835820895522,0.024886684746534216,1.9722806816163294,0.04860495748486632,0.0406766107475822,0.0406766107475822,True,False
num_dilation_peaks,3,-0.5,0.0,-0.5s to 0.0s,0.8138500635324015,0.8224946695095949,-0.00864460597719341,-0.6897654011986635,0.49035766248896223,-0.01422582444437588,0.01422582444437588,False,False
pupil_min,0,-2.0,-1.5,-2.0s to -1.5s,0.4873579034641922,0.3483042717907486,0.13905363167344365,6.3854663725973255,1.7843125836989132e-10,0.13169481022703872,0.13169481022703872,True,True
pupil_min,1,-1.5,-1.0,-1.5s to -1.0s,-0.07501261070754528,-0.09304858895061249,0.018035978243067213,2.4980594614588925,0.012503383990755932,0.05152035067077995,0.05152035067077995,True,False
pupil_min,2,-1.0,-0.5,-1.0s to -0.5s,0.0014232447228848962,0.02361130455644136,-0.022188059833556466,-2.95077087142998,0.003177138783523871,-0.06085713826700165,0.06085713826700165,True,False
pupil_min,3,-0.5,0.0,-0.5s to 0.0s,0.14995761440142508,0.18941199517307594,-0.039454380771650865,-4.769036308459737,1.8771261148673061e-06,-0.0983573156541417,0.0983573156541417,True,True
pupil_max,0,-2.0,-1.5,-2.0s to -1.5s,1.4201897911344044,1.2736290331335585,0.1465607580008459,6.1040123889797275,1.072612171873284e-09,0.12589006131798028,0.12589006131798028,True,True
pupil_max,1,-1.5,-1.0,-1.5s to -1.0s,0.8796703060126418,0.7760065965300623,0.10366370948257952,5.672500711015642,1.4462129177961522e-08,0.11699050015450708,0.11699050015450708,True,True
pupil_max,2,-1.0,-0.5,-1.0s to -0.5s,0.47533557307103635,0.5115658606417357,-0.03623028757069935,-4.130045424055353,3.65628042343025e-05,-0.08517867241211115,0.08517867241211115,True,True
pupil_max,3,-0.5,0.0,-0.5s to 0.0s,0.5867045576924136,0.6374979276431272,-0.050793369950713596,-5.260437468469599,1.466716014877988e-07,-0.10849204642189957,0.10849204642189957,True,True
eye_asymmetry,0,-2.0,-1.5,-2.0s to -1.5s,0.38481919280155136,0.3720294635595848,0.01278972924196653,1.110194601047203,0.266941751208251,0.022896818927342324,0.022896818927342324,False,False
eye_asymmetry,1,-1.5,-1.0,-1.5s to -1.0s,0.251494130352247,0.24834300578770288,0.003151124564544111,0.6854515919456554,0.4930748137294749,0.01413685579936531,0.01413685579936531,False,False
eye_asymmetry,2,-1.0,-0.5,-1.0s to -0.5s,0.22735536451293065,0.23823161112421143,-0.010876246611280782,-2.518314903033966,0.011807193806705857,-0.05193810191691314,0.05193810191691314,True,False
eye_asymmetry,3,-0.5,0.0,-0.5s to 0.0s,0.2812831040359238,0.29214294533004515,-0.01085984129412132,-2.1104686099330405,0.034842662913792524,-0.04352661917820126,0.04352661917820126,True,False
eye_asymmetry_std,0,-2.0,-1.5,-2.0s to -1.5s,0.1933281594690705,0.20025126818923214,-0.006923108720161636,-1.1208525802099907,0.2623774112817237,-0.02311663067817551,0.02311663067817551,False,False
eye_asymmetry_std,1,-1.5,-1.0,-1.5s to -1.0s,0.19256436852402303,0.19285113035044316,-0.00028676182642012327,-0.07932521219809428,0.9367755330274167,-0.00163601499985636,0.00163601499985636,False,False
eye_asymmetry_std,2,-1.0,-0.5,-1.0s to -0.5s,0.1515099489324604,0.1557251883942609,-0.004215239461800496,-1.5279229451110474,0.12656315359673329,-0.03151211055804062,0.03151211055804062,False,False
eye_asymmetry_std,3,-0.5,0.0,-0.5s to 0.0s,0.12838107148831437,0.13753400671661306,-0.009152935228298686,-3.8178112884907143,0.00013544989310073925,-0.07873910906149205,0.07873910906149205,True,True
