Analysis_Type,Feature_Type,Has_EEG,Grouping_Variable,Group_Name,Accuracy,Accuracy_SEM,Accuracy_SD,F1_Score,F1_SEM,Modality_Weights,N_Subjects,N_Trials,Top_10_Features,Notebook,Notes
Late Fusion,temporal,No,None,Overall,0.6930535240090251,,,0.6793601490323616,,Physiology: 0.0310; Behavior: 0.9668; Gaze: 0.0022,,,,notebooks/fusion_models/late_fusion_model.ipynb,Overall late fusion analysis
Late Fusion (No Temporal),non_temporal,No,None,Overall,0.6560611040164087,,,0.5358532989722595,,Physiology: 0.5233; Behavior: 0.4577; Gaze: 0.0190,,,,notebooks/fusion_models_no_temporal/late_fusion_model_no_temporal.ipynb,Overall late fusion analysis
Late Fusion (No Temporal) with EEG,non_temporal,Yes,None,Overall,0.6626969894232705,,,0.5461392931609138,,Physiology: 0.3324; Behavior: 0.5598; Gaze: 0.0344; EEG: 0.0734,,,,notebooks/fusion_models_no_temporal/late_fusion_model_no_temporal_eeg.ipynb,Overall late fusion analysis
Late Fusion by Ambiguity,temporal,No,Ambiguity,High,0.6075165441046098,0.0156795009865719,0.1536271073542669,0.6007019849538248,0.0183251150595349,Physiology: 0.2566; Behavior: 0.7000; Gaze: 0.0435,97.0,4172.0,,notebooks/fusion_models/ambiguity_group_late_fusion.ipynb,Ambiguity group: High
Late Fusion by Ambiguity,temporal,No,Ambiguity,Low,0.807021241397299,0.0196404236384494,0.1924360649851931,0.7361472515293696,0.024801058599998,Physiology: 0.0074; Behavior: 0.9311; Gaze: 0.0616,97.0,4177.0,,notebooks/fusion_models/ambiguity_group_late_fusion.ipynb,Ambiguity group: Low
Late Fusion by Ambiguity,temporal,No,Ambiguity,Medium,0.6860481001548517,0.0240109174056057,0.2352579835993811,0.5844333743407829,0.0293956206335619,Physiology: 0.0900; Behavior: 0.8762; Gaze: 0.0337,97.0,4162.0,,notebooks/fusion_models/ambiguity_group_late_fusion.ipynb,Ambiguity group: Medium
Late Fusion by Ambiguity (No Temporal),non_temporal,No,Ambiguity,High,0.5913569997891742,0.0162800934148866,0.1595116873252671,0.577806191860039,0.0186934840999217,Physiology: 0.5809; Behavior: 0.3459; Gaze: 0.0732,97.0,4172.0,pupil_slope_pre; pupil_std_pre; risk_premium; invest_variance; ev_difference; gaze_path_length; gaze_y_mean; pupil_velocity_mean_pre; pct_time_dilating_pre; pupil_mean_pre,notebooks/fusion_models_no_temporal/ambiguity_group_late_fusion_no_temporal.ipynb,Ambiguity group: High
Late Fusion by Ambiguity (No Temporal),non_temporal,No,Ambiguity,Low,0.807021241397299,0.0196404236384494,0.1924360649851931,0.7361472515293696,0.024801058599998,Physiology: 0.0545; Behavior: 0.7207; Gaze: 0.2248,97.0,4177.0,pupil_slope_pre; gaze_y_mean; risk_premium; invest_variance; pupil_std_pre; ev_difference; pct_time_dilating_pre; gaze_acceleration_std; gaze_acceleration_mean; screen_y_mean,notebooks/fusion_models_no_temporal/ambiguity_group_late_fusion_no_temporal.ipynb,Ambiguity group: Low
Late Fusion by Ambiguity (No Temporal),non_temporal,No,Ambiguity,Medium,0.6863917427665358,0.0240452484672994,0.2355943579332916,0.5846080021652321,0.0294146837561328,Physiology: 0.3057; Behavior: 0.6282; Gaze: 0.0662,97.0,4162.0,pupil_slope_pre; screen_y_mean; pupil_std_pre; ev_difference; invest_variance; risk_premium; gaze_x_mean; pct_time_dilating_pre; time_to_peak_pre; pupil_cv_pre,notebooks/fusion_models_no_temporal/ambiguity_group_late_fusion_no_temporal.ipynb,Ambiguity group: Medium
Late Fusion by Ambiguity (No Temporal) with EEG,non_temporal,Yes,Ambiguity,High,0.5785016043023313,0.0175443501025014,0.1578991509225134,0.581071389916805,0.0187294121931564,Physiology: 0.4760; Behavior: 0.4078; Gaze: 0.0841; EEG: 0.0321,82.0,3463.0,,notebooks/fusion_models_no_temporal/ambiguity_group_late_fusion_no_temporal_eeg.ipynb,Ambiguity group: High
Late Fusion by Ambiguity (No Temporal) with EEG,non_temporal,Yes,Ambiguity,Low,0.8137832974486805,0.0208682750007536,0.1878144750067825,0.7447215536945788,0.0264203629899558,Physiology: 0.0436; Behavior: 0.7484; Gaze: 0.1309; EEG: 0.0772,82.0,3498.0,,notebooks/fusion_models_no_temporal/ambiguity_group_late_fusion_no_temporal_eeg.ipynb,Ambiguity group: Low
Late Fusion by Ambiguity (No Temporal) with EEG,non_temporal,Yes,Ambiguity,Medium,0.6872372611679763,0.0266984547250966,0.2402860925258702,0.5869452391038761,0.0325061416257539,Physiology: 0.1833; Behavior: 0.6030; Gaze: 0.1254; EEG: 0.0883,82.0,3470.0,,notebooks/fusion_models_no_temporal/ambiguity_group_late_fusion_no_temporal_eeg.ipynb,Ambiguity group: Medium
Late Fusion by Ambiguity with EEG,temporal,Yes,Ambiguity,High,0.5897879299420975,0.016239575971826,0.1461561837464346,0.5940121822865231,0.0184194486476628,Physiology: 0.2285; Behavior: 0.7058; Gaze: 0.0524; EEG: 0.0133,82.0,3463.0,,notebooks/fusion_models_eeg/ambiguity_group_late_fusion_eeg.ipynb,Ambiguity group: High
Late Fusion by Ambiguity with EEG,temporal,Yes,Ambiguity,Low,0.8134706020140339,0.0208408947798259,0.1875680530184333,0.74456317548742,0.0264047748469323,Physiology: 0.0123; Behavior: 0.8972; Gaze: 0.0583; EEG: 0.0321,82.0,3498.0,,notebooks/fusion_models_eeg/ambiguity_group_late_fusion_eeg.ipynb,Ambiguity group: Low
Late Fusion by Ambiguity with EEG,temporal,Yes,Ambiguity,Medium,0.6871616090466909,0.0266559812095546,0.2399038308859922,0.5875509063732993,0.0325002294138941,Physiology: 0.0827; Behavior: 0.7554; Gaze: 0.0904; EEG: 0.0715,82.0,3470.0,,notebooks/fusion_models_eeg/ambiguity_group_late_fusion_eeg.ipynb,Ambiguity group: Medium
Late Fusion by RT,temporal,No,Reaction_Time,Fast,0.7223448473281489,0.0208738237074581,0.2045208682563321,0.7091838166126827,0.0233131950283721,Physiology: 0.0346; Behavior: 0.9620; Gaze: 0.0035,97.0,6256.0,,notebooks/fusion_models/reaction_time_group_late_fusion.ipynb,Reaction_Time group: Fast
Late Fusion by RT,temporal,No,Reaction_Time,Slow,0.6361006488745131,0.0142151485641737,0.1392794424003305,0.6275250290547132,0.0162773686560242,Physiology: 0.0987; Behavior: 0.8872; Gaze: 0.0141,97.0,6255.0,,notebooks/fusion_models/reaction_time_group_late_fusion.ipynb,Reaction_Time group: Slow
Late Fusion by RT (No Temporal),non_temporal,No,Reaction_Time,Fast,0.6942714680805635,0.0276210005208016,0.27062942984445,0.6069008774207578,0.0318261499904407,Physiology: 0.2625; Behavior: 0.7158; Gaze: 0.0218,97.0,6256.0,pupil_slope_pre; pupil_std_pre; risk_premium; invest_variance; ev_difference; screen_y_mean; pct_time_dilating_pre; gaze_x_std; pupil_max_dilation_rate_pre; gaze_acceleration_std,notebooks/fusion_models_no_temporal/reaction_time_group_late_fusion_no_temporal.ipynb,Reaction_Time group: Fast
Late Fusion by RT (No Temporal),non_temporal,No,Reaction_Time,Slow,0.6022271204240366,0.0173358248164878,0.1698557002826919,0.470992410823263,0.0212439100172497,Physiology: 0.4463; Behavior: 0.4931; Gaze: 0.0606,97.0,6255.0,invest_variance; risk_premium; ev_difference; pct_time_dilating_pre; gaze_acceleration_mean; pupil_slope_pre; pupil_std_pre; pupil_velocity_mean_pre; gaze_y_mean; pupil_max_constriction_rate_pre,notebooks/fusion_models_no_temporal/reaction_time_group_late_fusion_no_temporal.ipynb,Reaction_Time group: Slow
Late Fusion by RT with EEG,temporal,Yes,Reaction_Time,Fast,0.7244738227863794,0.0217194962246535,0.195475466021882,0.7145689662090403,0.023705841649104,Physiology: 0.0147; Behavior: 0.9554; Gaze: 0.0064; EEG: 0.0236,82.0,5216.0,,notebooks/fusion_models_eeg/reaction_time_group_late_fusion_eeg.ipynb,Reaction_Time group: Fast
Late Fusion by RT with EEG,temporal,Yes,Reaction_Time,Slow,0.6431866244027264,0.0169608123134793,0.1526473108213145,0.6345322555327083,0.019147898550735,Physiology: 0.0605; Behavior: 0.9075; Gaze: 0.0254; EEG: 0.0066,82.0,5215.0,,notebooks/fusion_models_eeg/reaction_time_group_late_fusion_eeg.ipynb,Reaction_Time group: Slow
Late Fusion with EEG,temporal,Yes,None,Overall,0.6980444669782373,,,0.6847609146128069,,Physiology: 0.0254; Behavior: 0.9577; Gaze: 0.0056; EEG: 0.0113,,,eeg_Beta_Central; eeg_Beta_Frontal; eeg_Beta_Parietal; eeg_Beta_Occipital; eeg_Delta_Parietal; eeg_Alpha_Occipital; eeg_Alpha_Frontal; eeg_Delta_Central; eeg_Theta_Frontal; eeg_Delta_Occipital,notebooks/fusion_models_eeg/late_fusion_with_eeg.ipynb,Overall late fusion analysis
