ambiguity,feature,band,region,cohens_d,abs_d,p_value,invest_mean,keep_mean,n_invest,n_keep
Low,eeg_Delta_Frontal,Delta,Frontal,-0.11712735023715677,0.11712735023715677,0.04379815615029536,0.10159115152494873,0.1374794329829665,1465,372
Low,eeg_Delta_Central,Delta,Central,-0.08727629020965554,0.08727629020965554,0.13294597523348514,0.09143386352057228,0.1067123219367668,1465,372
Low,eeg_Delta_Parietal,Delta,Parietal,-0.11432151551452369,0.11432151551452369,0.049093999303257425,0.09522282403025885,0.11244626005298944,1465,372
Low,eeg_Delta_Occipital,Delta,Occipital,-0.05957354556555211,0.05957354556555211,0.30498028676584166,0.10575034559377607,0.11592933635875176,1465,372
Low,eeg_Theta_Frontal,Theta,Frontal,-0.17688700318634168,0.17688700318634168,0.0023465553892536364,0.04743612022179183,0.06571807317350052,1465,372
Low,eeg_Theta_Central,Theta,Central,-0.16651617874927815,0.16651617874927815,0.004176824062415855,0.04343777701305195,0.05572619896155895,1465,372
Low,eeg_Theta_Parietal,Theta,Parietal,-0.10973399002419565,0.10973399002419565,0.05890665663553754,0.04749968555024289,0.055583570381964015,1465,372
Low,eeg_Theta_Occipital,Theta,Occipital,-0.024046658882417637,0.024046658882417637,0.678789770873,0.058427504479344715,0.06056534210476262,1465,372
Low,eeg_Alpha_Frontal,Alpha,Frontal,-0.17102682703752398,0.17102682703752398,0.0032620195012905483,0.03407385169953814,0.04504535807556283,1465,372
Low,eeg_Alpha_Central,Alpha,Central,-0.12663959891898452,0.12663959891898452,0.02929156841287571,0.0353234250289261,0.045216825262152406,1465,372
Low,eeg_Alpha_Parietal,Alpha,Parietal,-0.06679430600548178,0.06679430600548178,0.2501004096400652,0.038848363806052125,0.04303919518325275,1465,372
Low,eeg_Alpha_Occipital,Alpha,Occipital,-0.03189850598212864,0.03189850598212864,0.5827827327018965,0.041650559487058376,0.043791639924462826,1465,372
Low,eeg_Beta_Frontal,Beta,Frontal,-0.1687417984651361,0.1687417984651361,0.003699748601158057,0.04427757425076637,0.07224573451430401,1465,372
Low,eeg_Beta_Central,Beta,Central,-0.14355456707501624,0.14355456707501624,0.013503707502592591,0.04856792461419224,0.0884112028419432,1465,372
Low,eeg_Beta_Parietal,Beta,Parietal,-0.17513322929916428,0.17513322929916428,0.0025921926999284465,0.04439430808880377,0.06253361763714305,1465,372
Low,eeg_Beta_Occipital,Beta,Occipital,-0.13934683268002293,0.13934683268002293,0.01648882244931188,0.04086193093885262,0.05264737875611291,1465,372
Medium,eeg_Delta_Frontal,Delta,Frontal,-0.07753201860683805,0.07753201860683805,0.11369469391483772,0.09750163632048879,0.10882595778802656,1148,654
Medium,eeg_Delta_Central,Delta,Central,-0.04506713286976346,0.04506713286976346,0.35774635770772123,0.09283872674268341,0.10060980802169407,1148,654
Medium,eeg_Delta_Parietal,Delta,Parietal,-0.042483939789094406,0.042483939789094406,0.38596121268999817,0.09806001655745268,0.10474428944702069,1148,654
Medium,eeg_Delta_Occipital,Delta,Occipital,-0.07607144964347742,0.07607144964347742,0.12065646262197736,0.10459069056288597,0.11607543383726915,1148,654
Medium,eeg_Theta_Frontal,Theta,Frontal,-0.10514283874875971,0.10514283874875971,0.031993543190409375,0.047608787539323634,0.05607625649010415,1148,654
Medium,eeg_Theta_Central,Theta,Central,-0.12305893458923199,0.12305893458923199,0.012096542319382116,0.04305942432288456,0.05216147274426143,1148,654
Medium,eeg_Theta_Parietal,Theta,Parietal,-0.08966915172822384,0.08966915172822384,0.06736834666866491,0.04759246353089662,0.054261275332118185,1148,654
Medium,eeg_Theta_Occipital,Theta,Occipital,-0.06437068773046552,0.06437068773046552,0.18903887235293584,0.05752181523187711,0.06306473401670733,1148,654
Medium,eeg_Alpha_Frontal,Alpha,Frontal,-0.05636292459833649,0.05636292459833649,0.2501024530230932,0.03357473391352525,0.03679475245193588,1148,654
Medium,eeg_Alpha_Central,Alpha,Central,-0.0477542804697464,0.0477542804697464,0.3298136037831295,0.03459965090083813,0.037594813966074725,1148,654
Medium,eeg_Alpha_Parietal,Alpha,Parietal,-0.06656023077143709,0.06656023077143709,0.17443801727332214,0.03698400360228509,0.0409950665647918,1148,654
Medium,eeg_Alpha_Occipital,Alpha,Occipital,-0.050270317489962746,0.050270317489962746,0.30497746046385676,0.03908880232299319,0.04220602125473204,1148,654
Medium,eeg_Beta_Frontal,Beta,Frontal,-0.09039890205359688,0.09039890205359688,0.06517129495014085,0.04377666602296503,0.05112362421550234,1148,654
Medium,eeg_Beta_Central,Beta,Central,-0.05594761885384675,0.05594761885384675,0.2536081724671681,0.047544984021048176,0.05498771726469789,1148,654
Medium,eeg_Beta_Parietal,Beta,Parietal,-0.13389942729191645,0.13389942729191645,0.006334834230692451,0.042419658047853345,0.05351325950226227,1148,654
Medium,eeg_Beta_Occipital,Beta,Occipital,-0.14570317674918226,0.14570317674918226,0.002977847235182482,0.0392211420821857,0.04904536055581716,1148,654
High,eeg_Delta_Frontal,Delta,Frontal,-0.0590783758319943,0.0590783758319943,0.22068004877570194,0.10125143806592869,0.1365381515342894,712,1086
High,eeg_Delta_Central,Delta,Central,-0.04894427811052785,0.04894427811052785,0.3102470510419724,0.09679241501011783,0.11830477589500152,712,1086
High,eeg_Delta_Parietal,Delta,Parietal,-0.05114010883694362,0.05114010883694362,0.2890475262012108,0.10178316662814871,0.1281515121905601,712,1086
High,eeg_Delta_Occipital,Delta,Occipital,-0.049574306201695735,0.049574306201695735,0.30406198758902137,0.11130388725540252,0.1512503612561627,712,1086
High,eeg_Theta_Frontal,Theta,Frontal,-0.11170196604348125,0.11170196604348125,0.020646362415213886,0.04672991497311208,0.056984934399299976,712,1086
High,eeg_Theta_Central,Theta,Central,-0.10020853413933446,0.10020853413933446,0.03784260898631978,0.04438335783110258,0.05335821173705663,712,1086
High,eeg_Theta_Parietal,Theta,Parietal,-0.10869182196738422,0.10869182196738422,0.0243152817627579,0.047610848852908304,0.05735394733615029,712,1086
High,eeg_Theta_Occipital,Theta,Occipital,-0.09281725459663216,0.09281725459663216,0.05441041268962041,0.05755792807466657,0.06623035478323465,712,1086
High,eeg_Alpha_Frontal,Alpha,Frontal,-0.03017285421778205,0.03017285421778205,0.5315814953443028,0.036233972348867785,0.03827787852901606,712,1086
High,eeg_Alpha_Central,Alpha,Central,-0.001794984784027749,0.001794984784027749,0.9703106899484816,0.038866322765458705,0.038997681176663954,712,1086
High,eeg_Alpha_Parietal,Alpha,Parietal,-0.019489375983192857,0.019489375983192857,0.6861399908563145,0.0412133329050735,0.04263631619419823,712,1086
High,eeg_Alpha_Occipital,Alpha,Occipital,0.011486602056507624,0.011486602056507624,0.8117489457890645,0.04418745595871728,0.04338162599024697,712,1086
High,eeg_Beta_Frontal,Beta,Frontal,-0.04186716108563066,0.04186716108563066,0.38538575416653487,0.048344567237264185,0.05203586974706945,712,1086
High,eeg_Beta_Central,Beta,Central,-0.09660189597824347,0.09660189597824347,0.045295234849826095,0.04681653470374426,0.05699252625370976,712,1086
High,eeg_Beta_Parietal,Beta,Parietal,-0.10447997466201593,0.10447997466201593,0.030391007613269492,0.04432551974835433,0.052541034002873174,712,1086
High,eeg_Beta_Occipital,Beta,Occipital,-0.06359788653685479,0.06359788653685479,0.1873799420931478,0.04291499579083645,0.047379644233301356,712,1086
